name,link
00 hourlies 2022.clip,https://drive.google.com/file/d/1I5tB-ekcmFL2lO3nzf9Fiv1dpoFuqlCJ/view?usp=drivesdk
hourlies 22 14.png,https://drive.google.com/file/d/1Eu3WsHdLe9xiPQW7MLZaq0ch22eCOWA7/view?usp=drivesdk
hourlies 22 13.png,https://drive.google.com/file/d/1rh2EvcCPkJFsQtBwofd36_wk07KJTzLO/view?usp=drivesdk
hourlies 22 12.png,https://drive.google.com/file/d/19o87Vltp2kdwk13zuZsLasEFfkdAIJIx/view?usp=drivesdk
hourlies 22 11.png,https://drive.google.com/file/d/1kvBxFucUYgwX7K5F5E62yjOJM0LoSaP4/view?usp=drivesdk
hourlies 22 10.png,https://drive.google.com/file/d/1FDwPeXubtmtjTX09SzhU2K2EpboPWoQx/view?usp=drivesdk
hourlies 22 09.png,https://drive.google.com/file/d/1akH_4llx7us90dCEx9dgPR8hN_ipRbxc/view?usp=drivesdk
hourlies 22 08.png,https://drive.google.com/file/d/1-PML72h_76kTlzzatsMN8rinXsmOKtPv/view?usp=drivesdk
hourlies 22 07.png,https://drive.google.com/file/d/1_zVfPub9wOuOqEIwCu3N7d_L0ey9AIOe/view?usp=drivesdk
hourlies 22 06.png,https://drive.google.com/file/d/1yghAIG2CYDhilGNrSIPVDnXAtCr2eK-D/view?usp=drivesdk
hourlies 22 05.png,https://drive.google.com/file/d/1uTFzWk_kKd99oBzb0Iz9aAAThZRcWGSO/view?usp=drivesdk
hourlies 22 04.png,https://drive.google.com/file/d/1Tl7YBJ70PKtkOq2QoTOGYZN7i-B-dxq3/view?usp=drivesdk
hourlies 22 03.png,https://drive.google.com/file/d/1nxlObLZohQO9075nkcEpdvbQ2nH67IrL/view?usp=drivesdk
hourlies 22 02.png,https://drive.google.com/file/d/1k2-fdwRLBmxSvbDS52o1cZ5-Yo21j2Q5/view?usp=drivesdk
hourlies 22 01.png,https://drive.google.com/file/d/1Ri0TlAsh5ijfA_w5KnstOf2R96E3x3Uy/view?usp=drivesdk